{
  "timestamp": "2025-10-19T16:19:59.740856",
  "configuration": {
    "strategy": "holdout",
    "n_neighbors": 5,
    "features": [
      "pop_total",
      "hora_numeric",
      "via_expressa_encoded",
      "regiao_encoded",
      "sexo_encoded",
      "dia_semana",
      "mes"
    ]
  },
  "metrics": {
    "train_mae": 337.9723291770967,
    "test_mae": 786.1996222692209,
    "train_rmse": 773.1859775179527,
    "test_rmse": 1443.6194221138696,
    "train_r2": 0.8647247607668448,
    "test_r2": 0.5291351346854511
  }
}