{
  "timestamp": "2025-10-19T22:33:48.031517",
  "configuration": {
    "seed": 42,
    "VALIDATION_STRATEGY": "holdout",
    "HOLDOUT_TEST_SIZE": 0.2,
    "KFOLD_N_SPLITS": 10,
    "N_NEIGHBORS": 3,
    "WEIGHTS": "distance",
    "METRIC": "euclidean",
    "SHAP_N_SAMPLES": 100
  },
  "metrics": {
    "train_mae": 342.2612888281729,
    "test_mae": 793.8617060838069,
    "train_rmse": 798.6680450274978,
    "test_rmse": 1464.8419711050258,
    "train_r2": 0.8556612335072815,
    "test_r2": 0.5151890691640257
  },
  "ideia": "reduzir features para verificar o peso da localização e tempo sobre o congestionamento."
}
