{
  "timestamp": "2025-10-19T16:23:36.427691",
  "algorithm": "Random Forest Regressor",
  "configuration": {
    "strategy": "holdout",
    "n_estimators": 100,
    "max_depth": null,
    "features": [
      "pop_total",
      "hora_numeric",
      "via_expressa_encoded",
      "regiao_encoded",
      "sexo_encoded",
      "dia_semana",
      "mes"
    ]
  },
  "metrics": {
    "train_mae": 441.98814294666016,
    "test_mae": 760.1728483344539,
    "train_rmse": 817.6728759037597,
    "test_rmse": 1298.6303865567377,
    "train_r2": 0.8487102325264566,
    "test_r2": 0.6189675401349506
  },
  "feature_importance": {
    "pop_total": 0.3691717434922351,
    "via_expressa_encoded": 0.14981665040211578,
    "mes": 0.14628411128098512,
    "hora_numeric": 0.1287576658531775,
    "regiao_encoded": 0.12701654228619652,
    "dia_semana": 0.07895328668528996,
    "sexo_encoded": 0.0
  }
}